<project xmlns="http://maven.apache.org/POM/4.0.0" xmlns:xsi="http://www.w3.org/2001/XMLSchema-instance"
	xsi:schemaLocation="http://maven.apache.org/POM/4.0.0 http://maven.apache.org/xsd/maven-4.0.0.xsd">
	<modelVersion>4.0.0</modelVersion>
	<groupId>to.be.defined</groupId>
	<artifactId>to.be.defined</artifactId>
	<version>to.be.defined</version>
	<packaging>jar</packaging>

	<dependencies>

		<!-- Add the JDBC driver here -->

		<!-- Insert contents of : pom_dependencies_common.txt -->

		<!-- Insert contents of : pom_dependencies_persistence.txt -->

	</dependencies>

	<properties>
		<project.build.sourceEncoding>UTF-8</project.build.sourceEncoding>
		<java.version>1.6</java.version>
	</properties>

	<build>
		<plugins>
			<plugin>
				<groupId>org.apache.maven.plugins</groupId>
				<artifactId>maven-compiler-plugin</artifactId>
				<version>2.5.1</version>
				<configuration>
					<source>${java.version}</source>
					<target>${java.version}</target>
				</configuration>
			</plugin>
		</plugins>
	</build>

</project>
